<?xml version="1.0" encoding="UTF-8" standalone="yes"?>
<manifest>
  <control namespace="Ifisol" constructor="EmailPdfViewer" version="0.0.9" display-name-key="Ifisol Email PDF Viewer" description-key="A PCF control to view and navigate multiple PDF attachments directly within an Email record." control-type="standard" api-version="1.3.16">
    <external-service-usage enabled="false"/>
    <property name="accountId" display-name-key="Record ID" description-key="The GUID of the record to fetch attachments from" of-type="SingleLine.Text" usage="bound" required="true"/>
    <resources>
      <code path="bundle.js" order="1"/>
    </resources>
    <feature-usage>
      <uses-feature name="WebAPI" required="true"/>
    </feature-usage>
    <built-by name="pac" version="1.45.2"/>
  </control>
</manifest>