<ImportExportXml xmlns:xsi="http://www.w3.org/2001/XMLSchema-instance" OrganizationVersion="9.2.25122.162" OrganizationSchemaType="Full" CRMServerServiceabilityVersion="9.2.25122.00162">
  <Entities></Entities>
  <Roles></Roles>
  <Workflows></Workflows>
  <FieldSecurityProfiles></FieldSecurityProfiles>
  <Templates />
  <EntityMaps />
  <EntityRelationships />
  <OrganizationSettings />
  <optionsets />
  <WebResources>
    <WebResource>
      <WebResourceId>{5a5af6db-bbea-f011-8544-002248963d74}</WebResourceId>
      <Name>ifi_pdfjs/pdf.worker.min.js</Name>
      <DisplayName>PDF.js Worker</DisplayName>
      <WebResourceType>3</WebResourceType>
      <IntroducedVersion>1.0</IntroducedVersion>
      <IsEnabledForMobileClient>0</IsEnabledForMobileClient>
      <IsAvailableForMobileOffline>0</IsAvailableForMobileOffline>
      <IsCustomizable>1</IsCustomizable>
      <CanBeDeleted>1</CanBeDeleted>
      <IsHidden>0</IsHidden>
      <FileName>/WebResources/ifi_pdfjspdfworkerminjs5A5AF6DB-BBEA-F011-8544-002248963D74</FileName>
    </WebResource>
    <WebResource>
      <WebResourceId>{87dbd20f-c6ea-f011-8544-002248963d74}</WebResourceId>
      <Name>ifi_pdf_viewer.css</Name>
      <DisplayName>pdf_viewer</DisplayName>
      <WebResourceType>2</WebResourceType>
      <IntroducedVersion>1.0</IntroducedVersion>
      <IsEnabledForMobileClient>0</IsEnabledForMobileClient>
      <IsAvailableForMobileOffline>0</IsAvailableForMobileOffline>
      <IsCustomizable>1</IsCustomizable>
      <CanBeDeleted>1</CanBeDeleted>
      <IsHidden>0</IsHidden>
      <FileName>/WebResources/ifi_pdf_viewercss87DBD20F-C6EA-F011-8544-002248963D74</FileName>
    </WebResource>
    <WebResource>
      <WebResourceId>{90785d1d-c6ea-f011-8544-002248963d74}</WebResourceId>
      <Name>ifi_viewer</Name>
      <DisplayName>viewer</DisplayName>
      <LanguageCode>0</LanguageCode>
      <WebResourceType>1</WebResourceType>
      <IntroducedVersion>1.0</IntroducedVersion>
      <IsEnabledForMobileClient>0</IsEnabledForMobileClient>
      <IsAvailableForMobileOffline>0</IsAvailableForMobileOffline>
      <IsCustomizable>1</IsCustomizable>
      <CanBeDeleted>1</CanBeDeleted>
      <IsHidden>0</IsHidden>
      <FileName>/WebResources/ifi_viewer90785D1D-C6EA-F011-8544-002248963D74</FileName>
    </WebResource>
    <WebResource>
      <WebResourceId>{8efc49fb-c5ea-f011-8544-6045bde609df}</WebResourceId>
      <Name>ifi_pdf_viewer</Name>
      <DisplayName>pdf_viewer</DisplayName>
      <WebResourceType>3</WebResourceType>
      <IntroducedVersion>1.0</IntroducedVersion>
      <IsEnabledForMobileClient>0</IsEnabledForMobileClient>
      <IsAvailableForMobileOffline>0</IsAvailableForMobileOffline>
      <IsCustomizable>1</IsCustomizable>
      <CanBeDeleted>1</CanBeDeleted>
      <IsHidden>0</IsHidden>
      <FileName>/WebResources/ifi_pdf_viewer8EFC49FB-C5EA-F011-8544-6045BDE609DF</FileName>
    </WebResource>
    <WebResource>
      <WebResourceId>{ca68d2ab-bbea-f011-8544-6045bde6fb06}</WebResourceId>
      <Name>ifi_pdfjs/pdf.min.js</Name>
      <DisplayName>PDF.js Display</DisplayName>
      <WebResourceType>3</WebResourceType>
      <IntroducedVersion>1.0</IntroducedVersion>
      <IsEnabledForMobileClient>0</IsEnabledForMobileClient>
      <IsAvailableForMobileOffline>0</IsAvailableForMobileOffline>
      <IsCustomizable>1</IsCustomizable>
      <CanBeDeleted>1</CanBeDeleted>
      <IsHidden>0</IsHidden>
      <FileName>/WebResources/ifi_pdfjspdfminjsCA68D2AB-BBEA-F011-8544-6045BDE6FB06</FileName>
    </WebResource>
  </WebResources>
  <CustomControls>
    <CustomControl>
      <Name>ifi_Ifisol.EmailPdfViewer</Name>
      <FileName>/Controls/ifi_Ifisol.EmailPdfViewer/ControlManifest.xml</FileName>
    </CustomControl>
  </CustomControls>
  <EntityDataProviders />
  <Languages>
    <Language>1033</Language>
  </Languages>
</ImportExportXml>