<?xml version="1.0" encoding="UTF-8" standalone="yes"?>
<manifest>
  <control namespace="POCControls" constructor="AccountSearchControl" version="0.0.9" display-name-key="AccountSearchControl" description-key="AccountSearchControl description" control-type="standard" api-version="1.3.16">
    <external-service-usage enabled="false"/>
    <property name="accountId" display-name-key="AccountId" description-key="AccountIdDesc" of-type="SingleLine.Text" usage="bound" required="true"/>
    <resources>
      <code path="bundle.js" order="1"/>
    </resources>
    <feature-usage>
      <uses-feature name="WebAPI" required="true"/>
    </feature-usage>
    <built-by name="pac" version="1.45.2"/>
  </control>
</manifest>